<?xml version="1.0" encoding="UTF-8"?>
<project-private xmlns="http://www.netbeans.org/ns/project-private/1">
    <editor-bookmarks xmlns="http://www.netbeans.org/ns/editor-bookmarks/2" lastBookmarkId="0"/>
    <open-files xmlns="http://www.netbeans.org/ns/projectui-open-files/2">
        <group>
            <file>file:/C:/Nova%20Área%20de%20Trabalho/Murilo/ProjetosJava/CampoMinadoV1.0/src/JogoCampoMinado/Celula.java</file>
            <file>file:/C:/Nova%20Área%20de%20Trabalho/Murilo/ProjetosJava/CampoMinadoV1.0/src/JogoCampoMinado/MainCampoMinado.java</file>
            <file>file:/C:/Nova%20Área%20de%20Trabalho/Murilo/ProjetosJava/CampoMinadoV1.0/src/JogoCampoMinado/Tabuleiro.java</file>
        </group>
    </open-files>
</project-private>
